order_id,order_date,customer_id,coupon_code,total_amount,payment_method,store_id
ORD20260901,2026-09-26,C001,AKHIRBULAN25,185000,QRIS,STORE-01
ORD20260902,2026-09-26,C002,AKHIRBULAN25,240000,Debit,STORE-02
ORD20260903,2026-09-27,C003,AKHIRBULAN25,125000,Cash,STORE-01
ORD20260904,2026-09-27,C004,,310000,QRIS,STORE-03
ORD20260905,2026-09-27,C005,AKHIRBULAN25,275000,E-Wallet,STORE-02
ORD20260906,2026-09-28,C006,AKHIRBULAN25,99000,QRIS,STORE-01
ORD20260907,2026-09-28,C007,,450000,Debit,STORE-03
ORD20260908,2026-09-28,C008,AKHIRBULAN25,215000,E-Wallet,STORE-02
ORD20260909,2026-09-29,C009,AKHIRBULAN25,180000,QRIS,STORE-01
ORD20260910,2026-09-29,C010,AKHIRBULAN25,325000,Debit,STORE-03
ORD20260911,2026-09-29,C011,,150000,Cash,STORE-02
ORD20260912,2026-09-29,C012,AKHIRBULAN25,295000,QRIS,STORE-01
ORD20260913,2026-09-30,C013,AKHIRBULAN25,410000,E-Wallet,STORE-03
ORD20260914,2026-09-30,C014,,205000,Debit,STORE-02
ORD20260915,2026-09-30,C015,AKHIRBULAN25,160000,QRIS,STORE-01
ORD20260916,2026-09-30,C016,AKHIRBULAN25,355000,E-Wallet,STORE-03
ORD20260917,2026-09-30,C017,AKHIRBULAN25,225000,Debit,STORE-02
ORD20260918,2026-09-30,C018,,275000,QRIS,STORE-01
ORD20260919,2026-09-30,C019,AKHIRBULAN25,195000,Cash,STORE-03
ORD20260920,2026-09-30,C020,AKHIRBULAN25,500000,QRIS,STORE-02
