order_id,customer_id,order_date,channel,coupon_code,discount_amount,total_amount,payment_method
ORD-2609-001,C004,2026-09-23 08:47:17,Online,,0,330000,Debit
ORD-2609-002,C004,2026-09-23 18:47:57,Offline,,0,155000,Tunai
ORD-2609-003,C014,2026-09-23 08:01:05,Online,,0,340000,Tunai
ORD-2609-004,C001,2026-09-23 16:12:45,Offline,,0,940000,Tunai
ORD-2609-005,C014,2026-09-24 11:28:37,Online,,0,1080000,QRIS
ORD-2609-006,C006,2026-09-24 19:27:21,Online,,0,240000,Debit
ORD-2609-007,C011,2026-09-24 09:05:24,Online,GAJIAN15,168750,956250,Kredit
ORD-2609-008,C009,2026-09-24 20:02:46,Online,AKHIRBULAN20,100000,1125000,E-Wallet
ORD-2609-009,C003,2026-09-25 16:18:53,Offline,GAJIAN15,117000,663000,Debit
ORD-2609-010,C003,2026-09-25 08:42:14,Online,AKHIRBULAN20,100000,1035000,Debit
ORD-2609-011,C004,2026-09-25 14:17:29,Offline,GAJIAN15,37500,212500,Kredit
ORD-2609-012,C012,2026-09-25 11:42:17,Offline,AKHIRBULAN20,100000,720000,Debit
ORD-2609-013,C008,2026-09-26 10:29:24,Online,DISKON10K,10000,910000,Kredit
ORD-2609-014,C002,2026-09-26 11:52:02,Online,AKHIRBULAN20,77000,308000,QRIS
ORD-2609-015,C007,2026-09-26 17:56:45,Online,DISKON10K,10000,870000,E-Wallet
ORD-2609-016,C013,2026-09-26 18:29:09,Online,DISKON10K,10000,350000,Tunai
ORD-2609-017,C009,2026-09-27 19:37:27,Offline,AKHIRBULAN20,100000,405000,Debit
ORD-2609-018,C005,2026-09-27 16:31:05,Online,AKHIRBULAN20,48000,192000,Debit
ORD-2609-019,C014,2026-09-27 17:04:24,Online,AKHIRBULAN20,100000,620000,Kredit
ORD-2609-020,C001,2026-09-27 18:46:07,Offline,GAJIAN15,153750,871250,Kredit
ORD-2609-021,C004,2026-09-28 12:27:10,Online,AKHIRBULAN20,100000,865000,Kredit
ORD-2609-022,C006,2026-09-28 16:58:06,Offline,GAJIAN15,168000,952000,Tunai
ORD-2609-023,C007,2026-09-28 10:23:48,Online,AKHIRBULAN20,100000,710000,Kredit
ORD-2609-024,C099,2026-09-28 08:07:59,Online,GAJIAN15,52500,297500,QRIS
ORD-2609-025,C008,2026-09-29 17:05:05,Offline,AKHIRBULAN20,100000,985000,QRIS
ORD-2609-026,C005,2026-09-29 10:42:30,Offline,DISKON10K,10000,370000,Tunai
ORD-2609-027,C014,2026-09-29 11:59:34,Offline,DISKON10K,10000,945000,Kredit
ORD-2609-028,C013,2026-09-29 18:41:23,Online,AKHIRBULAN20,39000,156000,Debit
ORD-2609-029,C008,2026-09-30 09:21:01,Offline,DISKON10K,10000,785000,Debit
ORD-2609-030,C001,2026-09-30 09:45:40,Online,DISKON10K,10000,120000,QRIS
